title,url,image,price,originalPrice,discountPercent,rating,reviewCount,soldCount,location,category,marketplace,affiliateUrl,notes
Bando Boneka Kelinci Bulu Pink Aksesoris Rambut Anak Bunny Headband,https://www.tokopedia.com/reiko/bando-boneka-kelinci-bulu-pink-aksesoris-rambut-anak-bunny-headband,https://p16-assets-sg.tokopedia-static.net/tos-alisg-i-cqp9s0kcd0-sg/assets-tokopedia-lite/v2/zeus/production/e5b8438b.svg,25000,,,,,,,Fashion,tokopedia,,
"Setelan Wash Denim anak laki-laki dan perempuan celana pendek sablon digital MARIO BROSS bahan Babyterry / Pakaian denim wash anak celana pendek sablon digital 1-10 tahun - UP.trendy - Denim Mario bawah, S",https://www.tokopedia.com/uptrendy/up-trendy-setelan-denim-wash-anak-laki-laki-dan-perempuan-celana-pendek-sablon-digital-mario-bross-bahan-babyterry-pakaian-denim-wash-anak-celana-pendek-sablon-digital-1-10-tahun-1731300640521815480,https://p16-assets-sg.tokopedia-static.net/tos-alisg-i-cqp9s0kcd0-sg/assets-tokopedia-lite/v2/zeus/production/e5b8438b.svg,32800,60000,45,,,,,Fashion,tokopedia,,
"Setelan Anak Twotone Karakter Animal Lucu Lengan Pendek Celana Pendek Laki Laki Perempuan - Owl, M",https://www.tokopedia.com/gokil-store/setelan-anak-twotone-karakter-animal-lucu-lengan-pendek-celana-pendek-laki-laki-perempuan-1732985556580075024,https://p16-assets-sg.tokopedia-static.net/tos-alisg-i-cqp9s0kcd0-sg/assets-tokopedia-lite/v2/zeus/production/e5b8438b.svg,48225,96450,50,4.9,81,,Kab. Bandung,Fashion,tokopedia,,
"Setelan Anak Perempuan Baju Pendek kriwil dan Celana Cutbray Scuba Model Terbaru usia 1-12 tahun - Set kriwil fanta, 1 thn",https://www.tokopedia.com/fashion-anak09-936/setelan-anak-perempuan-baju-pendek-kriwil-dan-celana-cutbray-scuba-model-terbaru-usia-1-12-tahun-1735399171632563520-1735399314114184512,https://p16-assets-sg.tokopedia-static.net/tos-alisg-i-cqp9s0kcd0-sg/assets-tokopedia-lite/v2/zeus/production/e5b8438b.svg,46601,70000,33,,,,,Fashion,tokopedia,,
"Setelan Anak Laki-laki 1-5 Tahun Motif Beruang Topi Baju Kaos Celana Pendek Kekinian Gaya Modern Nyaman Parsel - Topi Hitam, 12 bulan",https://www.tokopedia.com/tobe-644/setelan-anak-laki-laki-1-5-tahun-motif-beruang-topi-baju-kaos-celana-pendek-kekinian-gaya-modern-nyaman-parsel-1732714404267459718-1735717479168902278,https://p16-assets-sg.tokopedia-static.net/tos-alisg-i-cqp9s0kcd0-sg/assets-tokopedia-lite/v2/zeus/production/e5b8438b.svg,39600,72000,45,4.4,563,,Kab. Bekasi,Fashion,tokopedia,,
"Setelan Anak Lucu Motif Bear Catur 1-5 Tahun Sweater Anak Dan Celana Jogger Kekinian Unisex Parsel - Coklat, 4-5 tahun",https://www.tokopedia.com/tobe-644/setelan-anak-lucu-motif-bear-catur-1-5-tahun-sweater-anak-dan-celana-jogger-kekinian-unisex-parsel-1732722200855544966,https://p16-assets-sg.tokopedia-static.net/tos-alisg-i-cqp9s0kcd0-sg/assets-tokopedia-lite/v2/zeus/production/e5b8438b.svg,49500,90000,45,,,,,Fashion,tokopedia,,
"IRU KIDS Setelan Anak Printing Baju Anak Unisex Tomo Rio Kiyo Yoru Kai 0-6 Tahun - Rio, S",https://www.tokopedia.com/iru-kids/iru-kids-setelan-anak-printing-baju-anak-unisex-tomo-rio-kiyo-yoru-kai-0-6-tahun-1732926511870281213,https://p16-assets-sg.tokopedia-static.net/tos-alisg-i-cqp9s0kcd0-sg/assets-tokopedia-lite/v2/zeus/production/e5b8438b.svg,21900,70000,69,4.8,3037,,Kota Administrasi Jakarta Barat,Fashion,tokopedia,,
"Setelan Anak Laki-Laki Fashion Oneset Baju Atasan Dan Bawahan Usia 1-5Tahun - 100B-hijau, 4-12BULAN",https://www.tokopedia.com/honeybabystore-784/setelan-anak-laki-laki-fashion-oneset-baju-atasan-dan-bawahan-usia-1-5tahun-1732800967198737659,https://p16-assets-sg.tokopedia-static.net/tos-alisg-i-cqp9s0kcd0-sg/assets-tokopedia-lite/v2/zeus/production/e5b8438b.svg,40000,80000,50,4.9,98,,Kab. Bekasi,Fashion,tokopedia,,
"Aryboo Kidswear - Kaos Distro Anak Laki dan Perempuan Baju Cotton Combed 24s Tebal - ARYA16 - AR0061-HITAM, S (1-2 THN)",https://www.tokopedia.com/aryboo-kidswear/aryboo-kidswear-kaos-distro-anak-laki-dan-perempuan-baju-cotton-combed-24s-tebal-arya16-1733556462564901984,https://p16-assets-sg.tokopedia-static.net/tos-alisg-i-cqp9s0kcd0-sg/assets-tokopedia-lite/v2/zeus/production/e5b8438b.svg,32900,90000,63,4.8,102,,Kota Administrasi Jakarta Utara,Fashion,tokopedia,,
"MILMODE - SETELAN ANAK NOAH (6 BULAN - 6 TAHUN) - Coklat, L",https://www.tokopedia.com/milmode/milmode-setelan-anak-noah-6-bulan-6-tahun-1735283753959065540-1735283706769934276,https://p16-assets-sg.tokopedia-static.net/tos-alisg-i-cqp9s0kcd0-sg/assets-tokopedia-lite/v2/zeus/production/e5b8438b.svg,33990,99000,66,,,,,Fashion,tokopedia,,
"SETELAN BAJU ANAK UNISEX 1-8 TAHUN ""EVENT SERIES"" / SETELAN BAJU ANAK KELFI - SILVER EVENT, S",https://www.tokopedia.com/little-babies-831/setelan-baju-anak-unisex-1-8-tahun-event-series-setelan-baju-anak-kelfi-1732814572119950733,https://p16-assets-sg.tokopedia-static.net/tos-alisg-i-cqp9s0kcd0-sg/assets-tokopedia-lite/v2/zeus/production/e5b8438b.svg,30999,61998,50,4.9,783,,Kab. Sidoarjo,Fashion,tokopedia,,
"BRAVEKIDS - SETELAN ANAK LAKI LAKI KAOS SALUR STRIPE DAN CELANA COTTON COMBED 24S PREMIUM DISTRO NYAMAN DIPAKAI SUDAH SATU SET - LM 01, M 3-4Tahun",https://www.tokopedia.com/bravekids-id/bravekids-setelan-anak-laki-laki-kaos-salur-stripe-dan-celana-cotton-combed-24s-premium-distro-nyaman-dipakai-sudah-satu-set-1734397813223687960,https://p16-assets-sg.tokopedia-static.net/tos-alisg-i-cqp9s0kcd0-sg/assets-tokopedia-lite/v2/zeus/production/e5b8438b.svg,42500,95000,55,,,,,Fashion,tokopedia,,
"JTKIDS SETELAN ANAK CLAYTON - CLAYTON ARMY, S",https://www.tokopedia.com/jtkids-only/jtkids-setelan-anak-clayton-1732464999670318106,https://p16-assets-sg.tokopedia-static.net/tos-alisg-i-cqp9s0kcd0-sg/assets-tokopedia-lite/v2/zeus/production/e5b8438b.svg,24000,65000,63,,,,,Fashion,tokopedia,,
"JTKIDS SETELAN ANAK UNISEX PANTHER PENDEK SNI FULL PRINT - PANTHER, M",https://www.tokopedia.com/jtkids-only/jtkids-setelan-anak-unisex-panther-pendek-sni-full-print-1734483981371606042,https://p16-assets-sg.tokopedia-static.net/tos-alisg-i-cqp9s0kcd0-sg/assets-tokopedia-lite/v2/zeus/production/e5b8438b.svg,26000,70000,63,4.8,2078,,Kota Administrasi Jakarta Barat,Fashion,tokopedia,,
"(Harga Satuan) Setelan Anak Unisex Bahan Vista Terry Baju Celana Fashion Cewek Cowok - Hitam (Abangnya), S (2-3th)",https://www.tokopedia.com/bocil-tshirt/harga-satuan-setelan-anak-unisex-bahan-vista-terry-baju-celana-fashion-cewek-cowok-1732817366127773620,https://p16-assets-sg.tokopedia-static.net/tos-alisg-i-cqp9s0kcd0-sg/assets-tokopedia-lite/v2/zeus/production/e5b8438b.svg,33500,50000,33,4.8,1984,,Kota Administrasi Jakarta Barat,Fashion,tokopedia,,
"Setelan kaos anak Baju setelan anak kaos anak premium - Set hitam excavator, Xs. 1-2 thn",https://www.tokopedia.com/fn-fashion-nusantara/setelan-kaos-anak-baju-setelan-anak-kaos-anak-premium-1730870380700075144,https://p16-assets-sg.tokopedia-static.net/tos-alisg-i-cqp9s0kcd0-sg/assets-tokopedia-lite/v2/zeus/production/e5b8438b.svg,30000,,,4.8,4394,,Kota Administrasi Jakarta Barat,Fashion,tokopedia,,
"setcel anak casual laki laki ala korean style usia 3-9 tahun setelan celana anak laki laki keren - ALMOND, 3 TAHUN",https://www.tokopedia.com/sarahstorebdg/setcel-anak-casual-laki-laki-ala-korean-style-usia-3-9-tahun-setelan-celana-anak-laki-laki-keren-1731649690893649417,https://p16-assets-sg.tokopedia-static.net/tos-alisg-i-cqp9s0kcd0-sg/assets-tokopedia-lite/v2/zeus/production/e5b8438b.svg,40590,73800,45,4.8,652,,,Fashion,tokopedia,,
"SETELAN ANAK LAKI LAKI MOTIF POLOS KOMBINASI WARNA CELANA STRIPE 1-8 TAHUN Cotton Combed - KREM, S",https://www.tokopedia.com/nfh-kidstore/setelan-anak-laki-laki-perempuan-motif-polos-kombinasi-celana-stripe-1-8-tahun-1735020210351081034-1735020357979113034,https://p16-assets-sg.tokopedia-static.net/tos-alisg-i-cqp9s0kcd0-sg/assets-tokopedia-lite/v2/zeus/production/e5b8438b.svg,38999,80000,51,4.9,1422,,Kab. Bandung,Fashion,tokopedia,,
"COD SETELAN ANAK KNIT UNISEX / ONESET ANAK KEKINIAN / STELAN ANAK LENGAN PENDEK / ONESET ANAK VIRAL L0TSO KNIT POLOS - LILAC, S",https://www.tokopedia.com/loly-kids/cod-setelan-anak-knit-unisex-oneset-anak-kekinian-stelan-anak-lengan-pendek-oneset-anak-viral-l0tso-1730843745696253746,https://p16-assets-sg.tokopedia-static.net/tos-alisg-i-cqp9s0kcd0-sg/assets-tokopedia-lite/v2/zeus/production/e5b8438b.svg,30150,67000,55,4.8,230,,,Fashion,tokopedia,,
"SETELAN BAJU ANAK COWOK 1-8 TAHUN CP PRINTING ""MIGOO SERIES"" / SETELAN BAJU ANAK KELFI - MACIATO MIGOO, S",https://www.tokopedia.com/little-babies-831/setelan-baju-anak-cowok-1-8-tahun-cp-printing-migoo-series-setelan-baju-anak-kelfi-1730252975426536845,https://p16-assets-sg.tokopedia-static.net/tos-alisg-i-cqp9s0kcd0-sg/assets-tokopedia-lite/v2/zeus/production/e5b8438b.svg,34999,69998,50,4.9,8740,,Kab. Sidoarjo,Fashion,tokopedia,,
"MILMODE - SETELAN ANAK LEO (6 BULAN - 6 TAHUN) - Coklat Mahogany, S",https://www.tokopedia.com/milmode/milmode-setelan-anak-leo-6-bulan-6-tahun-1734242853122705348,https://p16-assets-sg.tokopedia-static.net/tos-alisg-i-cqp9s0kcd0-sg/assets-tokopedia-lite/v2/zeus/production/e5b8438b.svg,32500,70000,54,4.8,2254,,Kota Administrasi Jakarta Barat,Fashion,tokopedia,,
"Celana Skena Anak Stripe Bangkok Loose Pants Baggy Skena Umur 2-13th Fashion untuk Tampilan Stylish dan Nyaman Panjang - HITAM, M",https://www.tokopedia.com/javo-kids/celana-skena-anak-stripe-bangkok-loose-pants-baggy-skena-umur-2-13th-fashion-untuk-tampilan-stylish-dan-nyaman-panjang-1734529988362471374,https://p16-assets-sg.tokopedia-static.net/tos-alisg-i-cqp9s0kcd0-sg/assets-tokopedia-lite/v2/zeus/production/e5b8438b.svg,37000,99990,63,4.8,1191,,Kab. Pekalongan,Fashion,tokopedia,,
"Setelan Anak Cowok Motif Polos Clothes Kids Fashion Usia 1-4Tahun - 012C-cream, 4-12BULAN",https://www.tokopedia.com/rainbowbabystore/setelan-anak-cowok-motif-polos-clothes-kids-fashion-usia-1-5tahun-1732186719731943202,https://p16-assets-sg.tokopedia-static.net/tos-alisg-i-cqp9s0kcd0-sg/assets-tokopedia-lite/v2/zeus/production/e5b8438b.svg,38400,80000,52,4.8,605,,Kab. Bekasi,Fashion,tokopedia,,
"EVERKIDS Setelan Anak 1-6 thn Sablon keren - kaos anak -  COOKIE - COOKIE HITAM & KREM, 1-2 thn M",https://www.tokopedia.com/everhart-store/everkids-setelan-anak-1-6-thn-sablon-keren-kaos-anak-cookie-1729617111515039286,https://p16-assets-sg.tokopedia-static.net/tos-alisg-i-cqp9s0kcd0-sg/assets-tokopedia-lite/v2/zeus/production/e5b8438b.svg,48800,90000,46,4.8,3929,,Kab. Bandung,Fashion,tokopedia,,
"PAKET CELANA PENDEK ANAK LAKI LAKI FASHION TERBARU DENGAN BAHAN BABY TERRY 8 WARNA shot - ABU MUDA, M 3-4 TAHUN",https://www.tokopedia.com/littlekidswear/paket-celana-pendek-anak-laki-laki-fashion-terbaru-dengan-bahan-baby-terry-8-warna-shot-1731379550122247962,https://p16-assets-sg.tokopedia-static.net/tos-alisg-i-cqp9s0kcd0-sg/assets-tokopedia-lite/v2/zeus/production/e5b8438b.svg,26910,39000,31,4.8,4284,,,Fashion,tokopedia,,
"kokotosaka Baju Kaos Kerah Anak Laki-laki Umur 1-12tahun Bunda Cotton Katun - wangki salur beigie, S",https://www.tokopedia.com/kokotosakaid/kokotosaka-baju-kaos-kerah-anak-laki-laki-umur-1-12tahun-bunda-cotton-katun-1730428378598114795,https://p16-assets-sg.tokopedia-static.net/tos-alisg-i-cqp9s0kcd0-sg/assets-tokopedia-lite/v2/zeus/production/e5b8438b.svg,49500,75000,34,,,,,Fashion,tokopedia,,
"Setelan Anak Perempuan Atasan dan Celana Panjang Berbahan Kringkell Kombinasi Katun Salur untuk Usia 2-12 Tahun Muslim - BIRU, size 2=1-2 thn",https://www.tokopedia.com/zayy-online/setelan-anak-perempuan-atasan-dan-celana-panjang-berbahan-kringkell-kombinasi-katun-salur-untuk-usia-2-12-tahun-muslim-1733233015504995534,https://p16-assets-sg.tokopedia-static.net/tos-alisg-i-cqp9s0kcd0-sg/assets-tokopedia-lite/v2/zeus/production/e5b8438b.svg,36400,37500,3,4.9,220,,Kab. Bandung,Fashion,tokopedia,,
"JTKIDS SETELAN ANAK DAISYY - DAISYY PINK, M",https://www.tokopedia.com/jtkids-only/jtkids-setelan-anak-daisyy-1731124074803856410,https://p16-assets-sg.tokopedia-static.net/tos-alisg-i-cqp9s0kcd0-sg/assets-tokopedia-lite/v2/zeus/production/e5b8438b.svg,22500,60000,63,4.8,654,,Kota Administrasi Jakarta Barat,Fashion,tokopedia,,
"BOSShijab anak/ jilbab instan anak bergo (kerut dagu karet) ZEEVA non ped daily kids usia 0-10th - Milo, ZEEVA 0-18bln(S)",https://www.tokopedia.com/bosshijab/bosshijab-anak-jilbab-instan-anak-bergo-zeeva-non-ped-daily-kids-usia-0-10th-nyaman-untuk-anak-sehari-hari-1734999406101497616-1734999628984715024,https://p16-assets-sg.tokopedia-static.net/tos-alisg-i-cqp9s0kcd0-sg/assets-tokopedia-lite/v2/zeus/production/e5b8438b.svg,17475,34950,50,,,,,Fashion,tokopedia,,
"miniside | T-shirt kids youth laki laki perempuan 1-10 tahun premium | kaos anak unisex 1-10 tahun original - hijau army, S 1-2 Tahun",https://www.tokopedia.com/miniside-official/miniside-t-shirt-kids-youth-laki-laki-perempuan-1-10-tahun-premium-kaos-anak-unisex-1-10-tahun-1734918082984379827-1734918225636591027,https://p16-assets-sg.tokopedia-static.net/tos-alisg-i-cqp9s0kcd0-sg/assets-tokopedia-lite/v2/zeus/production/e5b8438b.svg,39900,140000,72,4.9,68,,Kab. Bandung,Fashion,tokopedia,,
"SETELAN BAJU ANAK COWOK 1-8 TAHUN ""ROCAR FULL PRINT EDITION"" / SETELAN BAJU ANAK KELFI Bayi Katun - ROCAR KUNING, S",https://www.tokopedia.com/little-babies-831/setelan-baju-anak-cowok-1-8-tahun-rocar-full-print-edition-setelan-baju-anak-kelfi-bayi-katun-1729596201075378573,https://p16-assets-sg.tokopedia-static.net/tos-alisg-i-cqp9s0kcd0-sg/assets-tokopedia-lite/v2/zeus/production/e5b8438b.svg,27499,54998,50,4.9,4572,,Kab. Sidoarjo,Fashion,tokopedia,,
"Jaket Hoodie Zipper CAPYBARA anak Perempuan Usia 1-8 Tahun - Hoodie Polos Unisex - TARO, S",https://www.tokopedia.com/baraya-kidz/jaket-hoodie-zipper-capybara-anak-perempuan-usia-1-8-tahun-hoodie-polos-unisex-1734367224310957805,https://p16-assets-sg.tokopedia-static.net/tos-alisg-i-cqp9s0kcd0-sg/assets-tokopedia-lite/v2/zeus/production/e5b8438b.svg,48850,65000,25,,,,,Fashion,tokopedia,,
"Olibaba - Kaos Anak Premium 1-8 Tahun / 100% Katun Tebal 24s / Baju Anak Laki Laki Perempuan - Seri B15 - OK0416-ABU TUA, S (1-2 Thn)",https://www.tokopedia.com/olibaba-kids/olibaba-kaos-anak-premium-1-8-tahun-100-katun-tebal-24s-baju-anak-laki-laki-perempuan-seri-b15-1731720429168788747,https://p16-assets-sg.tokopedia-static.net/tos-alisg-i-cqp9s0kcd0-sg/assets-tokopedia-lite/v2/zeus/production/e5b8438b.svg,39900,90000,56,4.8,821,,Kota Administrasi Jakarta Utara,Fashion,tokopedia,,
"MILMODE - DRESS ANAK SILVIA (6 BULAN - 6 TAHUN) MOTIF BORDIR - Navy, S",https://www.tokopedia.com/milmode/milmode-dress-anak-silvia-6-bulan-6-tahun-motif-bordir-1730847874835646404,https://p16-assets-sg.tokopedia-static.net/tos-alisg-i-cqp9s0kcd0-sg/assets-tokopedia-lite/v2/zeus/production/e5b8438b.svg,25900,48000,46,4.9,4902,,Kota Administrasi Jakarta Barat,Fashion,tokopedia,,
"Kaos Anak Korea Style Unisex Perempuan Laki-laki Usia 1-12 Tahun Motif Popeye  100% Cotton Combat 30s Premium Nyaman Adem Fashion Kekinian - Hitam, S (usia 1-2tahun)",https://www.tokopedia.com/faazzy-kidswear/kaos-anak-korea-style-unisex-perempuan-laki-laki-usia-1-12-tahun-motif-popeye-100-cotton-combat-30s-premium-nyaman-adem-fashion-kekinian-1733776336356869723,https://p16-assets-sg.tokopedia-static.net/tos-alisg-i-cqp9s0kcd0-sg/assets-tokopedia-lite/v2/zeus/production/e5b8438b.svg,34270,149000,77,,,,,Fashion,tokopedia,,
"SWEETIE CHIC KOREA STYLE COCOBABY T SHIRT COTTON KAOS ATASAN ANAK PEREMPUAN 1-12 TAHUN MOTIF KUPU-KUPU BIRU - Putih, S(1-2 THN)",https://www.tokopedia.com/sweetie-chic/sweetie-chic-korea-style-cocobaby-t-shirt-cotton-kaos-atasan-anak-perempuan-1-12-tahun-motif-kupu-kupu-biru-1734504555180426890,https://p16-assets-sg.tokopedia-static.net/tos-alisg-i-cqp9s0kcd0-sg/assets-tokopedia-lite/v2/zeus/production/e5b8438b.svg,39900,150000,73,4.8,141,,Kab. Bandung,Fashion,tokopedia,,
"ODOM  Setelan anak laki laki/setelan pakaian anak cowok OB-18 - (18).OB.GRS CAP/ABU TUA, S (0-6 BULAN)",https://www.tokopedia.com/odomid/odom-setelan-anak-laki-laki-setelan-pakaian-anak-cowok-ob-18-1734525825243449229,https://p16-assets-sg.tokopedia-static.net/tos-alisg-i-cqp9s0kcd0-sg/assets-tokopedia-lite/v2/zeus/production/e5b8438b.svg,25900,35000,26,4.8,1187,,Kota Administrasi Jakarta Barat,Fashion,tokopedia,,
"SETELAN GAJAH ANAK UNISEX TERBARU USIA 3-12 TAHUN - GAJAH PUTIH CEWEK, 3-4 TAHUN",https://www.tokopedia.com/bintanganak13/setelan-gajah-anak-unisex-terbaru-usia-3-12-tahun-1736094325210777382-1736094326229993254,https://p16-assets-sg.tokopedia-static.net/tos-alisg-i-cqp9s0kcd0-sg/assets-tokopedia-lite/v2/zeus/production/e5b8438b.svg,49500,100000,51,4.8,45,,Kab. Bekasi,Fashion,tokopedia,,
"SETELAN BAJU ANAK LAKI LAKI UNISEX LENGAN PENDEK MOTIF SPIDER DINO USIA 2-13 THN - spiderman hitam pendek, M(4-5 thn",https://www.tokopedia.com/tom-kids-collection/setelan-baju-anak-laki-laki-unisex-lengan-pendek-motif-spider-dino-usia-2-13-thn-1734475427947448315,https://p16-assets-sg.tokopedia-static.net/tos-alisg-i-cqp9s0kcd0-sg/assets-tokopedia-lite/v2/zeus/production/e5b8438b.svg,32760,52000,37,4.8,1102,,Kota Administrasi Jakarta Barat,Fashion,tokopedia,,
"Celana Panjang Cargo Anak Corduroy Premium (1-12 th) by Alfat.storee - hitam, S (cargo), Ready",https://www.tokopedia.com/alfatstore-817/celana-panjang-cargo-anak-corduroy-premium-1-12-th-by-alfat-storee-1734166570207184322,https://p16-assets-sg.tokopedia-static.net/tos-alisg-i-cqp9s0kcd0-sg/assets-tokopedia-lite/v2/zeus/production/e5b8438b.svg,46500,150000,69,,,,,Fashion,tokopedia,,
"[Free Stiker Nama] Kaos Anak Hykids Motif Snack untuk usia 1-12 Tahun Laki-laki dan perempuan - TM 01, 1-2 Tahun (M)",https://www.tokopedia.com/distro-anak77/free-stiker-nama-kaos-anak-hykids-motif-snack-untuk-usia-1-12-tahun-laki-laki-dan-perempuan-1734045586578834524,https://p16-assets-sg.tokopedia-static.net/tos-alisg-i-cqp9s0kcd0-sg/assets-tokopedia-lite/v2/zeus/production/e5b8438b.svg,28999,49998,42,4.8,10000,,,Fashion,tokopedia,,
"Setelan Anak Laki-Laki Motif Pelangi Lengan Pendek Usia 1-5Tahun - 040B, 4-12BULAN",https://www.tokopedia.com/rainbowbabystore/setelan-anak-laki-laki-motif-pelangi-lengan-pendek-usia-1-5tahun-1733198783609341730,https://p16-assets-sg.tokopedia-static.net/tos-alisg-i-cqp9s0kcd0-sg/assets-tokopedia-lite/v2/zeus/production/e5b8438b.svg,36800,80000,54,4.8,438,,Kab. Bekasi,Fashion,tokopedia,,
"one set kancing pendek stelan baju anak bahan rib usia 1-5 thn - Hitam, S 0-1 thn",https://www.tokopedia.com/husna-ol-shop/set-kancing-pendek-stelan-baju-anak-bahan-rib-usia-1-5-thn-1734878100721730624-1734878170584417344,https://p16-assets-sg.tokopedia-static.net/tos-alisg-i-cqp9s0kcd0-sg/assets-tokopedia-lite/v2/zeus/production/e5b8438b.svg,33250,47500,30,,,,,Fashion,tokopedia,,
"ANIME KOREA STYLES Unisex Baju Anak Perempuan Alsakids.id Motif-Angka Kaos Pendek Fashion 1-13 Tahun - 100% Cotton Combed (PREMIUM) - Putih, S (1-2Thn)",https://www.tokopedia.com/alsakidsid/anime-korea-styles-unisex-baju-anak-perempuan-alsakids-id-motif-angka-kaos-pendek-fashion-1-13-tahun-100-cotton-combed-premium-1731812346036782874,https://p16-assets-sg.tokopedia-static.net/tos-alisg-i-cqp9s0kcd0-sg/assets-tokopedia-lite/v2/zeus/production/e5b8438b.svg,35500,150000,76,4.8,848,,Kab. Bandung,Fashion,tokopedia,,
"SETELAN PENDEK BAJU ANAK CEWEK UNIK LUCU MOTIF BARU SETELAN KIMONO SIZE M L XL 2XL 3XL - stitch biru, M(4-5 thn)",https://www.tokopedia.com/tom-kids-collection/setelan-pendek-baju-anak-cewek-unik-lucu-motif-baru-setelan-kimono-size-m-l-xl-2xl-3xl-1732378160764258299,https://p16-assets-sg.tokopedia-static.net/tos-alisg-i-cqp9s0kcd0-sg/assets-tokopedia-lite/v2/zeus/production/e5b8438b.svg,34320,52000,34,,,,,Fashion,tokopedia,,
"Jejukids- Baju anak Lengan panjang perempuan dan laki laki cotton 24s strip salur Fashion - Cream, S- 1-2 THN",https://www.tokopedia.com/jejukids-store/jejukids-baju-anak-lengan-panjang-perempuan-dan-laki-laki-cotton-24s-strip-salur-fashion-1733270544239330761,https://p16-assets-sg.tokopedia-static.net/tos-alisg-i-cqp9s0kcd0-sg/assets-tokopedia-lite/v2/zeus/production/e5b8438b.svg,39690,49000,19,4.8,726,,Kota Administrasi Jakarta Barat,Fashion,tokopedia,,
"Setelan Anak Pinguin Muslim Anak Perempuan Celana Panjang Baju Atasan Kekinian Gambar Kicau Mania Tinju - Hitam, 04:(2-3THN",https://www.tokopedia.com/rafael-fashion-style/setelan-anak-pinguin-muslim-anak-perempuan-celana-panjang-baju-atasan-kekinian-gambar-kicau-mania-tinju-1735587207324468306-1735587208426194002,https://p16-assets-sg.tokopedia-static.net/tos-alisg-i-cqp9s0kcd0-sg/assets-tokopedia-lite/v2/zeus/production/e5b8438b.svg,31020,33000,6,4.8,156,,Kota Administrasi Jakarta Barat,Fashion,tokopedia,,
"SETELAN ANAK PEREMPUAN TERBARU FREE TAS ONE SET ANAK PEREMPUAN SEDANG VIRAL SETELAN ANAK GADIS DESA PLUS TAS UNTUK USIA 1-12 TAHUN - ungu, 3 tahun",https://www.tokopedia.com/nadhira-fhasioan-kids23/setelan-anak-perempuan-terbaru-free-tas-one-set-anak-perempuan-sedang-viral-setelan-anak-gadis-desa-plus-tas-untuk-usia-1-12-tahun-1735333868968707466-1735334127542109578,https://p16-assets-sg.tokopedia-static.net/tos-alisg-i-cqp9s0kcd0-sg/assets-tokopedia-lite/v2/zeus/production/e5b8438b.svg,38675,45500,15,4.8,296,,Kab. Bekasi,Fashion,tokopedia,,
"JTKIDS DRESS ANAK PEREMPUAN HANN - HANNA, M",https://www.tokopedia.com/jtkids-only/jtkids-dress-anak-perempuan-hanna-1731126809308988442,https://p16-assets-sg.tokopedia-static.net/tos-alisg-i-cqp9s0kcd0-sg/assets-tokopedia-lite/v2/zeus/production/e5b8438b.svg,26500,60000,56,4.8,1818,,Kota Administrasi Jakarta Barat,Fashion,tokopedia,,
"Celana Panjang Anak Gombrong Bahan Corduroy Usia  1-12 Tahun - Hitam, S, Ready",https://www.tokopedia.com/alfatkids/celana-panjang-anak-gombrong-bahan-corduroy-usia-1-12-tahun-1735105857719142269-1735754029196347261,https://p16-assets-sg.tokopedia-static.net/tos-alisg-i-cqp9s0kcd0-sg/assets-tokopedia-lite/v2/zeus/production/e5b8438b.svg,37000,150000,75,4.8,2874,,Kab. Pekalongan,Fashion,tokopedia,,
"Setelan oval Anak Viral usia 2-12thn motif  KICAU MANIA TOPI - DENIM, NO:04(2-3THN)",https://www.tokopedia.com/zael-fashion-style/setelan-oval-anak-viral-usia-2-12thn-motif-kicau-mania-topi-1735587207386793764-1735587237576541988,https://p16-assets-sg.tokopedia-static.net/tos-alisg-i-cqp9s0kcd0-sg/assets-tokopedia-lite/v2/zeus/production/e5b8438b.svg,30360,33000,8,,,,,Fashion,tokopedia,,
"Baju Kaos Atasan Anak Cewek 1-10Tahun Motif CETAK GRAFIK Fashion Atasan Kaos Anak Distro Perempuan Bajulucu Cotton Combed Korean - Fausia, S (1-2Thn)",https://www.tokopedia.com/alsakidsid/powerpuf-terbaru-baju-anak-cewek-1-10tahun-motif-cetak-grafik-fashion-atasan-kaos-anak-distro-perempuan-bajulucu-cotton-combed-korean-1732287487742674714,https://p16-assets-sg.tokopedia-static.net/tos-alisg-i-cqp9s0kcd0-sg/assets-tokopedia-lite/v2/zeus/production/e5b8438b.svg,35500,150000,76,4.8,552,,,Fashion,tokopedia,,
"Deepkids Setelan Anak Laki Laki Distro Bahan Cotton 24S & Chinos Premium Fullprint Usia 1 2 3 4 5 6 7 8 9 10 11 12 Tahun | Set Fullprint Cargo pdk - Kaos Saja [ Prs Caramel ], S",https://www.tokopedia.com/deepkids/deepkids-setelan-anak-laki-laki-distro-bahan-cotton-24s-chinos-premium-fullprint-usia-1-2-3-4-5-6-7-8-9-10-11-12-tahun-set-fullprint-cargo-pdk-1732563981273105466,https://p16-assets-sg.tokopedia-static.net/tos-alisg-i-cqp9s0kcd0-sg/assets-tokopedia-lite/v2/zeus/production/e5b8438b.svg,46534,87800,47,,,,,Fashion,tokopedia,,
"paket hemat isi 3 pcs kaos anak karakter motif superhero untuk usia 4 - 12 tahun bahan katun 30s - Varian Random Tidak Bisa Pilih Motif, M { 4 Tahun / BB.12 - 17 kg }",https://www.tokopedia.com/jarwo-kids-glory/paket-hemat-isi-3-pcs-kaos-anak-karakter-motif-superhero-untuk-usia-4-12-tahun-bahan-katun-30s-1730785654630418256-1735004385730987856,https://p16-assets-sg.tokopedia-static.net/tos-alisg-i-cqp9s0kcd0-sg/assets-tokopedia-lite/v2/zeus/production/e5b8438b.svg,45213,180852,75,4.8,7530,,Kab. Bandung,Fashion,tokopedia,,
"SETELAN BAJU ANAK COWOK 1-8 TAHUN CP PRINTING ""TIRENO SERIES"" / SETELAN BAJU ANAK KELFI - KUNING TIRENO, S",https://www.tokopedia.com/little-babies-831/setelan-baju-anak-cowok-1-8-tahun-cp-printing-tireno-series-setelan-baju-anak-kelfi-1732888872974058893,https://p16-assets-sg.tokopedia-static.net/tos-alisg-i-cqp9s0kcd0-sg/assets-tokopedia-lite/v2/zeus/production/e5b8438b.svg,34999,69998,50,4.8,1887,,,Fashion,tokopedia,,
"MAXIMO.CO Baju Distro Salur Lengan Panjang Super Boy Usia 3-12 tahun Bahan Katun Combed 30S - GREY, M (3-4 tahun) BB : 10-15 kg",https://www.tokopedia.com/maximo-clothing-store/kaos-anak-laki-laki-super-boy-tangan-panjang-strip-salur-usia-4-12-tahun-bahan-cotton-combed-fashion-anak-1731265757557392760,https://p16-assets-sg.tokopedia-static.net/tos-alisg-i-cqp9s0kcd0-sg/assets-tokopedia-lite/v2/zeus/production/e5b8438b.svg,39466,61666,36,4.9,626,,Kab. Bandung,Fashion,tokopedia,,
"Setelan Baju Tidur Anak Cewek Lengan Pendek Motif Lucu Size S-XXL - Fashion - lotso kimono pink, S (2-3 thn)",https://www.tokopedia.com/dvshop05/setelan-baju-tidur-anak-cewek-lengan-pendek-motif-lucu-size-s-xxl-fashion-1730803541238908334,https://p16-assets-sg.tokopedia-static.net/tos-alisg-i-cqp9s0kcd0-sg/assets-tokopedia-lite/v2/zeus/production/e5b8438b.svg,38500,55000,30,4.8,2344,,Kota Administrasi Jakarta Barat,Fashion,tokopedia,,
"Kuma jumpsuit anak laki laki perempuan overall anak harian usia 1-5 tahun - Broken white, M (1-2 tahun)",https://www.tokopedia.com/nayakids/kuma-jumpsuit-anak-laki-laki-perempuan-overall-anak-harian-usia-1-5-tahun-1733552154093520135,https://p16-assets-sg.tokopedia-static.net/tos-alisg-i-cqp9s0kcd0-sg/assets-tokopedia-lite/v2/zeus/production/e5b8438b.svg,36999,80000,54,4.8,3636,,Kab. Bandung,Fashion,tokopedia,,
"Dunia Anak - Stelan Jersey Anak Laki-laki Usia 1-10 Tahun Bahan DryFit Milano premium full printing sublim Kicau mania/ Stelan kaos angka Roblox Jersey / Stelan Jersey/ Stelan Angka Fashion - MBG BOYS, M(BB 9-12 KG)",https://www.tokopedia.com/dunia-anak88/dunia-anak-stelan-jersey-anak-laki-laki-dan-perempuan-usia-1-10-tahun-bahan-dryfit-milano-premium-full-printing-sublim-roblox-stelan-kaos-angka-roblox-jersey-stelan-jersey-stelan-angka-1732817418648913868-1736000292513286092,https://p16-assets-sg.tokopedia-static.net/tos-alisg-i-cqp9s0kcd0-sg/assets-tokopedia-lite/v2/zeus/production/e5b8438b.svg,37900,,,,,,,Fashion,tokopedia,,
"Baju RUCCAS Unisex Baju Anak Perempuan Alsakids.id Motif-Angka Kaos Pendek Fashion 1-13 Tahun - 100% Cotton Combed Sablon Dtf Anti Luntur/Anti Lengket Atasan Anak Cowok/Cewek - Putih, S (1-2Thn)",https://www.tokopedia.com/alsakidsid/baju-ruccas-unisex-baju-anak-perempuan-alsakids-id-motif-angka-kaos-pendek-fashion-1-13-tahun-100-cotton-combed-sablon-dtf-anti-luntur-anti-lengket-1734669647112931098-1734669739979147034,https://p16-assets-sg.tokopedia-static.net/tos-alisg-i-cqp9s0kcd0-sg/assets-tokopedia-lite/v2/zeus/production/e5b8438b.svg,35500,150000,76,4.8,770,,Kab. Bandung,Fashion,tokopedia,,
"YEYA - SETELAN CP SALUR ANAK DTF/PRINT L0G0 JERAPAH/ANIMAL KAOS KATUN - SALUR-ABU-L0G0, S (5-9 kg)",https://www.tokopedia.com/yeya-shop-736/yeya-setelan-cp-salur-anak-dtf-print-l0g0-jerapah-animal-kaos-katun-1733101758820222468,https://p16-assets-sg.tokopedia-static.net/tos-alisg-i-cqp9s0kcd0-sg/assets-tokopedia-lite/v2/zeus/production/e5b8438b.svg,26500,53000,50,,,,,Fashion,tokopedia,,
"Setelan Anak Perempuan Kombinasi Kringkel dan Katun Salur untuk Usia 2 hingga 12 Tahun Panjang Cewek Bahan Premium Nyaman dan Elegan -  Fashion Bunda - BIRU, size 2=1-2 thn",https://www.tokopedia.com/suntana-online/setelan-anak-perempuan-kombinasi-kringkel-dan-katun-salur-untuk-usia-2-hingga-12-tahun-panjang-cewek-bahan-premium-nyaman-dan-elegan-fashion-bunda-1732854661817402693,https://p16-assets-sg.tokopedia-static.net/tos-alisg-i-cqp9s0kcd0-sg/assets-tokopedia-lite/v2/zeus/production/e5b8438b.svg,34006,34700,2,,,,,Fashion,tokopedia,,
"SETELAN ANAK CASUAL LAKI LAKI TERBARU USIA 3-9 TAHUN ALA KOREAN STYLE VARIASI HOODIE - HITAM, 3 TAHUN",https://www.tokopedia.com/alesha-humaira-store/setelan-anak-casual-laki-laki-terbaru-usia-3-9-tahun-ala-korean-style-variasi-hoodie-1731120765769516616,https://p16-assets-sg.tokopedia-static.net/tos-alisg-i-cqp9s0kcd0-sg/assets-tokopedia-lite/v2/zeus/production/e5b8438b.svg,41690,75800,45,4.8,4097,,,Fashion,tokopedia,,
"Daster Anak Perempuan Usia 1-11 Tahun Bahan Katun 30 S Lembut Nyaman Ukuran S -xxl Gaya Imut Lengan Pendek Panjang Bawah Lutut - FANTA, S",https://www.tokopedia.com/al-kids99/daster-anak-perempuan-usia-1-11-tahun-bahan-katun-30-s-lembut-nyaman-ukuran-s-xxl-gaya-imut-lengan-pendek-panjang-bawah-lutut-1730926550877505203,https://p16-assets-sg.tokopedia-static.net/tos-alisg-i-cqp9s0kcd0-sg/assets-tokopedia-lite/v2/zeus/production/e5b8438b.svg,18600,20000,7,4.8,4388,,Kota Administrasi Jakarta Barat,Fashion,tokopedia,,
"KELFI SETELAN BAJU ANAK LAKI LAKI USIA 1-7 TAHUN ""FULL PRINT DIAGO EDITION"" - DIAGO IVORY, S",https://www.tokopedia.com/littlehappiness/kelfi-setelan-baju-anak-laki-laki-usia-1-7-tahun-full-print-diago-edition-1731385089116308853,https://p16-assets-sg.tokopedia-static.net/tos-alisg-i-cqp9s0kcd0-sg/assets-tokopedia-lite/v2/zeus/production/e5b8438b.svg,28599,54998,48,4.8,499,,,Fashion,tokopedia,,
"KOREA STYLE Baju Kaos Anak Usia 1-13 tahun motif ZOOTOPIA DISNEY Lucu cotton combad 100% real pict - BAJU ANAK OVERSIZE KAOS ANAK KEKINIAN FASHION ANAK bayar ditempat - Hitam, S (1-2 Tahun)",https://www.tokopedia.com/rsr-wear/korea-style-baju-kaos-anak-usia-1-13-tahun-motif-zootopia-disney-lucu-cotton-combad-100-real-pict-baju-anak-oversize-kaos-anak-kekinian-fashion-anak-bayar-ditempat-1734829399740745688-1734829399880337368,https://p16-assets-sg.tokopedia-static.net/tos-alisg-i-cqp9s0kcd0-sg/assets-tokopedia-lite/v2/zeus/production/e5b8438b.svg,29999,150000,80,,,,,Fashion,tokopedia,,
"DRESS ANAK PEREMPUAN LENGAN PENDEK 1-12 TAHUN MORRI DRESS ANAK CEWEK BAHAN KATUN SEMI WALL MODEL KOREAN STYLE GRATIS SABUK - HITAM, M (1-2 Tahun)",https://www.tokopedia.com/fazan-store/dress-anak-perempuan-1-12-tahun-morri-dress-bahan-semi-wal-model-korean-style-dress-anak-cewek-terbaru-1735226775540499806-1735226777226347870,https://p16-assets-sg.tokopedia-static.net/tos-alisg-i-cqp9s0kcd0-sg/assets-tokopedia-lite/v2/zeus/production/e5b8438b.svg,33500,50000,33,,,,,Fashion,tokopedia,,
"Baju Anak - Setelan Anak Maylia Couple Model Rainbow Color Daily Wear Terlaris / Fashion Oneset Anak Perempuan Laki Laki Atasan Dan Celana Korean Style Terbaru - PUDDEL CREAM, S",https://www.tokopedia.com/bajuanakid-387/baju-anak-perempuan-setelan-anak-maylia-model-rainbow-color-daily-wear-terlaris-fashion-oneset-anak-perempuan-atasan-dan-celana-korean-style-terbaru-1735641768190313814-1735985155055584598,https://p16-assets-sg.tokopedia-static.net/tos-alisg-i-cqp9s0kcd0-sg/assets-tokopedia-lite/v2/zeus/production/e5b8438b.svg,33890,74000,54,4.9,317,,,Fashion,tokopedia,,
"BRAVEKIDS - RAKKU KIDS SETELAN CARGO PANTS T SHIRT POCKET KIDS KAOS SALUR ANAK KANTONG COTTON COMBED 24S - X2 MAROON, S (1-2 Tahun)",https://www.tokopedia.com/rakku-kids/bravekids-rakku-kids-setelan-cargo-pants-t-shirt-pocket-kids-kaos-salur-anak-kantong-cotton-combed-24s-1729710158837613674,https://p16-assets-sg.tokopedia-static.net/tos-alisg-i-cqp9s0kcd0-sg/assets-tokopedia-lite/v2/zeus/production/e5b8438b.svg,49999,120000,58,4.8,1006,,,Fashion,tokopedia,,
"Celana Baggy SweatPants Anak Usia 2-13 Tahun Laki-Laki Dan Perempuan Bahan Fleece - HITAM, M 2-4 thn",https://www.tokopedia.com/archive-ls-24-1631101381/celana-baggy-sweatpants-anak-usia-2-13-tahun-laki-laki-dan-perempuan-bahan-fleece-1733146252832638690,https://p16-assets-sg.tokopedia-static.net/tos-alisg-i-cqp9s0kcd0-sg/assets-tokopedia-lite/v2/zeus/production/e5b8438b.svg,48000,96000,50,,,,,Fashion,tokopedia,,
"Setelan Anak Perempuan Leopard Crop 1-6 Tahun Oneset Baju Anak Korean style - Coklat Leopard Crop, Xs",https://www.tokopedia.com/cazzares/setelan-anak-perempuan-leopard-crop-1-6-tahun-oneset-baju-anak-korean-style-1736438629621466332-1736438993640129756,https://p16-assets-sg.tokopedia-static.net/tos-alisg-i-cqp9s0kcd0-sg/assets-tokopedia-lite/v2/zeus/production/e5b8438b.svg,22500,55000,59,,1,,Kota Administrasi Jakarta Timur,Fashion,tokopedia,,
"FOYA Kids Setelan PREMIUM Full Motif Anak Laki-Laki & Perempuan Usia 0-6 Tahun Setelan Lengan Pendek Celana Panjang - BEBEK, S (Max BB 5 Kg)",https://www.tokopedia.com/foya-kids/foya-kids-setelan-premium-1736235214419101546-1736235416176002922,https://p16-assets-sg.tokopedia-static.net/tos-alisg-i-cqp9s0kcd0-sg/assets-tokopedia-lite/v2/zeus/production/e5b8438b.svg,27900,70000,60,4.9,147,,Kota Administrasi Jakarta Barat,Fashion,tokopedia,,
"NEWW SET ROK ANAK 2-12 TAHUN CANTIKA SET ROK BAHANN CRINKLE Fashion kekinian - Cantika dasty, No.4=3-4 Tahun",https://www.tokopedia.com/baju-anak-ku/neww-set-rok-anak-2-12-tahun-cantika-set-rok-bahann-crinkle-fashion-kekinian-1731362538005563279,https://p16-assets-sg.tokopedia-static.net/tos-alisg-i-cqp9s0kcd0-sg/assets-tokopedia-lite/v2/zeus/production/e5b8438b.svg,54000,,,,,,,Fashion,tokopedia,,
"SETELAN ANAK PEREMPUAN 3- 12  TAHUN MOTIF  | HIJAB ANAK SOLEHAH | CELANA CARGO PP SALUR BAHAN KATUN VISTA TERY - BIRU, NO 4 (2-3 TAHUN)",https://www.tokopedia.com/megah-shine/setelan-anak-perempuan-3-12-tahun-motif-hijab-anak-solehah-celana-cargo-pp-salur-bahan-katun-vista-tery-1733885268313999149,https://p16-assets-sg.tokopedia-static.net/tos-alisg-i-cqp9s0kcd0-sg/assets-tokopedia-lite/v2/zeus/production/e5b8438b.svg,34000,40000,15,4.7,45,,Kota Serang,Fashion,tokopedia,,
"Kaos Anak 1-10 Tahun KICAU MANIA""² Setelan Laki Laki Fashion Baju&Celana Anak Pakaian Kaos Sehari Hari Nyaman Untuk Olahraga Outdoor Unisex Tersedia S-M-L-XL-XXL - Putih, S",https://www.tokopedia.com/dm-best-seller/kaos-anak-1-10-tahun-tung-tung-sahur-kaos-setelan-laki-laki-fashion-baju-celana-anak-anak-pakaian-kaos-sehari-hari-nyaman-di-pakai-kaos-bulan-puasa-lebaran-marhaban-1731328102919013746,https://p16-assets-sg.tokopedia-static.net/tos-alisg-i-cqp9s0kcd0-sg/assets-tokopedia-lite/v2/zeus/production/e5b8438b.svg,35000,,,,,,,Fashion,tokopedia,,
"setelan anak laki laki motif salur 1-8 tahun - MAROON, S 1-2 tahun",https://www.tokopedia.com/nfh-kidstore/setelan-anak-laki-laki-motif-salur-1-8-tahun-1732203578696173130,https://p16-assets-sg.tokopedia-static.net/tos-alisg-i-cqp9s0kcd0-sg/assets-tokopedia-lite/v2/zeus/production/e5b8438b.svg,39999,120000,67,4.8,273,,Kab. Bandung,Fashion,tokopedia,,
"setelan baju anak cewek piyama gambar lucu motif unik lengan kimono fashion anak usia 2-13 thn - cinnamorol salem, S(2-3 thn",https://www.tokopedia.com/tom-kids-collection/setelan-baju-anak-cewek-piyama-gambar-lucu-motif-unik-lengan-kimono-fashion-anak-usia-2-13-thn-1733946282636576763,https://p16-assets-sg.tokopedia-static.net/tos-alisg-i-cqp9s0kcd0-sg/assets-tokopedia-lite/v2/zeus/production/e5b8438b.svg,32000,50000,36,4.8,506,,Kota Administrasi Jakarta Barat,Fashion,tokopedia,,
"SETELAN ANAK PEREMPUAN KOMBINASI KRINGKEL DAN KATUN SALUR UNTUK USIA 1  SAMPAI 12 TAHUN FASHION ANAK CEWE Cewek cewek Muslim - BIRU DENIM, size 2(1-2 thn)",https://www.tokopedia.com/z1wan/setelan-anak-perempuan-kombinasi-kringkel-dan-katun-salur-untuk-usia-1-sampai-12-tahun-fashion-anak-cewe-cewek-cewek-muslim-1732973960087504108,https://p16-assets-sg.tokopedia-static.net/tos-alisg-i-cqp9s0kcd0-sg/assets-tokopedia-lite/v2/zeus/production/e5b8438b.svg,37220,37950,2,4.8,410,,Kab. Bandung,Fashion,tokopedia,,
"Olibaba - Kaos Anak Premium 1-8 Tahun / 100% Katun Tebal 24s / Baju Anak Laki Laki Perempuan - B28 - OK0453-PUTIH, S (1-2 Thn)",https://www.tokopedia.com/olibaba-kids/olibaba-kaos-anak-premium-1-8-tahun-100-katun-tebal-24s-baju-anak-laki-laki-perempuan-b28-1731964814658143499,https://p16-assets-sg.tokopedia-static.net/tos-alisg-i-cqp9s0kcd0-sg/assets-tokopedia-lite/v2/zeus/production/e5b8438b.svg,39900,90000,56,4.8,101,,,Fashion,tokopedia,,
"Baju Anak stelan Usia 1-10 TahuN 3/4 Cowok Cewek RABBIT ABU - KUBUS, S",https://www.tokopedia.com/bigsisy/baju-anak-stelan-usia-1-10-tahun-3-4-cowok-cewek-rabbit-abu-kubus-s-7cee8,https://p16-assets-sg.tokopedia-static.net/tos-alisg-i-cqp9s0kcd0-sg/assets-tokopedia-lite/v2/zeus/production/e5b8438b.svg,50000,,,4.8,524,,Kota Administrasi Jakarta Barat,Fashion,tokopedia,,
"(ISI 5 SETEL) Setelan Anak Bayi Laki Laki Tartan Zoo / Baju Bayi Laki Laki / Baju Anak Laki Laki / Baju Anak Anak / Kaos Anak Laki Laki/ Baju Anak 0 - 4 Tahun Xiao Wei Baby & Kids Wear - Isi 4 Setel, S ( 0 - 6 Bulan)",https://www.tokopedia.com/xiaoweibabyandkidswear/isi-5-setel-setelan-anak-bayi-laki-laki-tartan-zoo-baju-bayi-laki-laki-baju-anak-laki-laki-baju-anak-anak-kaos-anak-laki-laki-baju-anak-0-4-tahun-xiao-wei-baby-kids-wear-1732648685895714648,https://p16-assets-sg.tokopedia-static.net/tos-alisg-i-cqp9s0kcd0-sg/assets-tokopedia-lite/v2/zeus/production/e5b8438b.svg,129900,245094,47,4.7,1259,,,Fashion,tokopedia,,
"Jacket Zipper Pocket Anak Laki - Laki Ula Kids 1 - 6 Tahun Mini Sports Car Jaket Lengan Panjang Karet - Hitam, M ( 1 - 2 thn )",https://www.tokopedia.com/ulakids/jacket-zipper-pocket-anak-laki-laki-ula-kids-1-6-tahun-mini-sports-car-jaket-lengan-panjang-karet-1730158192827336470,https://p16-assets-sg.tokopedia-static.net/tos-alisg-i-cqp9s0kcd0-sg/assets-tokopedia-lite/v2/zeus/production/e5b8438b.svg,42900,150000,71,4.8,635,,Kota Bandung,Fashion,tokopedia,,
"STELAN ANAK SETELAN BAHAN JERSEY V NECK KARAKTER LUFFY ROBLOX UK M-XXL BOBOY Bahan Lembut Halus Adem Nyaman Cocok untuk Anak Printing Fullprint Gambar Awet Jahitan Rapi dan Kuat - M LEGEND, M",https://www.tokopedia.com/naydeeid/stelan-anak-setelan-bahan-jersey-v-neck-karakter-luffy-roblox-uk-m-xxl-boboy-bahan-lembut-halus-adem-nyaman-cocok-untuk-anak-printing-fullprint-gambar-awet-jahitan-rapi-dan-kuat-1735246539199513954-1735379817431467362,https://p16-assets-sg.tokopedia-static.net/tos-alisg-i-cqp9s0kcd0-sg/assets-tokopedia-lite/v2/zeus/production/e5b8438b.svg,36000,60000,40,,,,,Fashion,tokopedia,,
"Jaket Hoodie Zipper LUCKY BEAR anak Laki laki Perempuan Usia 1-8 Tahun - Hoodie Jaket Unisex Motif - MOCCA, S",https://www.tokopedia.com/baraya-kidz/jaket-hoodie-zipper-lucky-bear-anak-laki-laki-perempuan-usia-1-8-tahun-hoodie-jaket-unisex-motif-1732201464304273133,https://p16-assets-sg.tokopedia-static.net/tos-alisg-i-cqp9s0kcd0-sg/assets-tokopedia-lite/v2/zeus/production/e5b8438b.svg,49850,65000,23,4.8,952,,Kota Cimahi,Fashion,tokopedia,,
"kaos anak laki laki,atasan anak cowok,pakaian anak anak,oblong anak cowok - HITAM, S  ( 1/2 TH )",https://www.tokopedia.com/viniso/kaos-anak-laki-laki-atasan-anak-cowok-pakaian-anak-anak-oblong-anak-cowok-1734971913107440647-1734972122169443335,https://p16-assets-sg.tokopedia-static.net/tos-alisg-i-cqp9s0kcd0-sg/assets-tokopedia-lite/v2/zeus/production/e5b8438b.svg,20280,39000,48,,,,,Fashion,tokopedia,,
"Setelan Baju Kaos Polo Wangki Anak Knit Baju Korean Style Celana Chinos Slimfit Twill Premium Usia 1-10 Tahun - Set Khaki , S (1-2 Tahun)",https://www.tokopedia.com/kinanti-kidss/setelan-baju-kaos-polo-wangki-anak-knit-baju-korean-style-celana-chinos-slimfit-twill-premium-usia-1-10-tahun-1734935630257554669-1734936450278917357,https://p16-assets-sg.tokopedia-static.net/tos-alisg-i-cqp9s0kcd0-sg/assets-tokopedia-lite/v2/zeus/production/e5b8438b.svg,78020,166000,53,4.9,275,,Kab. Bandung,Fashion,tokopedia,,
"Setelan Joger Anak Laki Laki Lengan Panjang Set Baju Anak Cowok Celana Panjang Baby Terry - Fashion Anak - PPR - BOST-ON , S",https://www.tokopedia.com/ramorakids/setelan-joger-anak-laki-laki-lengan-panjang-set-baju-anak-cowok-celana-panjang-baby-terry-fashion-perempuan-1731378482290066765,https://p16-assets-sg.tokopedia-static.net/tos-alisg-i-cqp9s0kcd0-sg/assets-tokopedia-lite/v2/zeus/production/e5b8438b.svg,24900,35000,29,4.8,1889,,,Fashion,tokopedia,,
"Celana Kulot Anak Perempuan Bahan Scuba Premium Tebal 2-14th - Fashion - Hitam, S",https://www.tokopedia.com/chikitakids/celana-kulot-anak-perempuan-bahan-scuba-premium-tebal-2-14th-fashion-1734428834091861392,https://p16-assets-sg.tokopedia-static.net/tos-alisg-i-cqp9s0kcd0-sg/assets-tokopedia-lite/v2/zeus/production/e5b8438b.svg,33853,87500,61,4.7,649,,Kab. Batang,Fashion,tokopedia,,
"PAKET 3 PCS KAOS ANAK DISTRO COMBED 30S SABLON FLATISOL Fashion Motif Atasan Kids - PAKET A, M ( 3-4 TH / BB 11-15 KG )",https://www.tokopedia.com/maygib-kidswear/paket-3-pcs-kaos-anak-distro-combed-30s-sablon-flatisol-fashion-motif-atasan-kids-1734036351746016337,https://p16-assets-sg.tokopedia-static.net/tos-alisg-i-cqp9s0kcd0-sg/assets-tokopedia-lite/v2/zeus/production/e5b8438b.svg,162000,,,4.9,4047,,Kab. Bandung,Fashion,tokopedia,,
"Baju EMOTIONS-MINE STREET Asthetic Unisex Baju Anak Perempuan Alsakids.id Motif-Angka Kaos Pendek Fashion 1-13 Tahun - 100% Cotton Combed Sablon Dtf Anti Luntur/Anti Lengket Atasan simpel size m(1-2thn) Cewek - Putih, S (1-2Thn)",https://www.tokopedia.com/alsakidsid/baju-emotions-mine-street-asthetic-unisex-baju-anak-perempuan-alsakids-id-motif-angka-kaos-pendek-fashion-1-13-tahun-100-cotton-combed-sablon-dtf-anti-luntur-anti-lengket-atasan-1736054607693973274-1736054609732536090,https://p16-assets-sg.tokopedia-static.net/tos-alisg-i-cqp9s0kcd0-sg/assets-tokopedia-lite/v2/zeus/production/e5b8438b.svg,35500,150000,76,,,,,Fashion,tokopedia,,
"FOYA Kids Setelan Murah Kimono Usia 0-6 Tahun Anak Laki-Laki/Perempuan Unisex Celana Panjang Lengan Pendek Motif Full Gambar - Jerapah Sage, S",https://www.tokopedia.com/foya-kids/foya-kids-setelan-murah-kimono-anak-laki-laki-perempuan-unisex-celana-panjang-lengan-pendek-motif-full-gambar-usia-baby-6-tahun-1730404489323906922,https://p16-assets-sg.tokopedia-static.net/tos-alisg-i-cqp9s0kcd0-sg/assets-tokopedia-lite/v2/zeus/production/e5b8438b.svg,28900,50000,42,4.8,40000,,Kota Administrasi Jakarta Barat,Fashion,tokopedia,,
"COD SETELAN ANAK STONE UNISE CEWE COWO USIA 0-8 THN SETELAN ANAK KEKINIAN SET ANAK LUCU MOTIF TERBARU DENIM - MINI LOGO, S, WASH (HITAM ABU)",https://www.tokopedia.com/loly-kids/cod-setelan-anak-stone-wash-unise-cewe-cowo-usia-0-8-thn-setelan-anak-kekinian-set-anak-lucu-motif-terbaru-1731984217189877554,https://p16-assets-sg.tokopedia-static.net/tos-alisg-i-cqp9s0kcd0-sg/assets-tokopedia-lite/v2/zeus/production/e5b8438b.svg,33120,69000,52,4.8,3796,,Kota Administrasi Jakarta Barat,Fashion,tokopedia,,
"Benedeto - Kaos Anak Premium 1-12 Tahun / 100% Katun Tebal 24s / Baju Anak Laki Laki Perempuan - BENC72 - BE0552-PUTIH, S (1-2 THN)",https://www.tokopedia.com/benedeto-kids/benedeto-kaos-anak-premium-1-12-tahun-100-katun-tebal-24s-baju-anak-laki-laki-perempuan-benc72-1732887022778090771,https://p16-assets-sg.tokopedia-static.net/tos-alisg-i-cqp9s0kcd0-sg/assets-tokopedia-lite/v2/zeus/production/e5b8438b.svg,39400,90000,56,,,,,Fashion,tokopedia,,
"Mukena anak perempuan katun premium motif daydream butterfly usia 2-9 tahun - Cerry-PEACH-Dyd, M",https://www.tokopedia.com/tomiju/mukena-anak-perempuan-katun-premium-motif-daydream-butterfly-usia-2-9-tahun-1734793135037580668-1734795056952149372,https://p16-assets-sg.tokopedia-static.net/tos-alisg-i-cqp9s0kcd0-sg/assets-tokopedia-lite/v2/zeus/production/e5b8438b.svg,35199,,,4.9,535,,Kab. Bandung,Fashion,tokopedia,,
"paket hemat 5pcs celana pendek anak harian laki-laki dan perempuan celana pendek anak unisex celana pendek anak stripe celana anak stripe - paket 3 pcs, S",https://www.tokopedia.com/musdakids/celana-pendek-anak-harian-laki-laki-dan-perempuan-celana-pendek-anak-unisex-celana-pendek-anak-stripe-celana-anak-stripe-1735465986084669385-1735466810385991625,https://p16-assets-sg.tokopedia-static.net/tos-alisg-i-cqp9s0kcd0-sg/assets-tokopedia-lite/v2/zeus/production/e5b8438b.svg,32000,150000,79,,,,,Fashion,tokopedia,,
"Ulakids Bomber Zipper Jacket / Jaket Bomber Anak Buaya Skater 1-6thn Bayi - Kreme, M (1-2 Tahun)",https://www.tokopedia.com/ulakids/ulakids-bomber-zipper-jacket-jaket-bomber-anak-buaya-skater-1-6thn-kreme-m-1-2-tahun-cf2e4,https://p16-assets-sg.tokopedia-static.net/tos-alisg-i-cqp9s0kcd0-sg/assets-tokopedia-lite/v2/zeus/production/e5b8438b.svg,49500,200000,75,4.8,574,,,Fashion,tokopedia,,
"PROMO PIYAMA ANAK 1-5 THN BAHAN POLY MIKRO LOKAL PIYAMA ANAK VIRAL MURAH Cowo Cewe - RANDOM, L(3-4THN)",https://www.tokopedia.com/mita-yasmine/promo-piyama-anak-1-5-thn-bahan-poly-mikro-lokal-piyama-anak-viral-murah-cowo-cewe-1729632135254542390,https://p16-assets-sg.tokopedia-static.net/tos-alisg-i-cqp9s0kcd0-sg/assets-tokopedia-lite/v2/zeus/production/e5b8438b.svg,21500,,,4.8,6561,,,Fashion,tokopedia,,
"Corak Gaya Sport Baju Kaos Jersey Anak 2-12Thn Oversize Dryfit Rugby Baseball Retro streetwear Setiap Corak Ada Gaya Olahraga Outdoor - ATASAN Gear5 Putih, S 2-4Tahun",https://www.tokopedia.com/corak-gaya/corak-gaya-sport-baju-kaos-jersey-anak-2-12thn-oversize-dryfit-rugby-baseball-retro-streetwear-setiap-corak-ada-gaya-olahraga-outdoor-1732887061199947710,https://p16-assets-sg.tokopedia-static.net/tos-alisg-i-cqp9s0kcd0-sg/assets-tokopedia-lite/v2/zeus/production/e5b8438b.svg,29123,65000,55,,,,,Fashion,tokopedia,,
"JTKIDS SETELAN ANAK PEREMPUAN PATRICIA SNI - PATRICIA PINK, XL",https://www.tokopedia.com/jtkids-only/jtkids-setelan-anak-perempuan-patricia-sni-1731356451096462362,https://p16-assets-sg.tokopedia-static.net/tos-alisg-i-cqp9s0kcd0-sg/assets-tokopedia-lite/v2/zeus/production/e5b8438b.svg,25500,60000,57,4.8,2227,,Kota Administrasi Jakarta Barat,Fashion,tokopedia,,
"SETELAN SKENA KULOT WHISKER & KAOS KNIT OVAL 1-10 TAHUN - Whisker.BM-Knit Oval-Putih, 1 Thn",https://www.tokopedia.com/twinieshop0610/setelan-kulot-whisker-kaos-knit-oval-1-10-tahun-1733317210525238663,https://p16-assets-sg.tokopedia-static.net/tos-alisg-i-cqp9s0kcd0-sg/assets-tokopedia-lite/v2/zeus/production/e5b8438b.svg,89900,113000,20,,,,,Fashion,tokopedia,,
"Setelan Anak Polos Katun Combed 24s Polos One Set anak  Polos Set anak Polos Katun Fashion Celana Baju Usia 1-3 thn - Anak Polos -Dusty, S",https://www.tokopedia.com/serastuff-fashion/setelan-anak-polos-katun-combed-24s-polos-one-set-anak-polos-set-anak-polos-katun-fashion-celana-baju-1729576086600779322,https://p16-assets-sg.tokopedia-static.net/tos-alisg-i-cqp9s0kcd0-sg/assets-tokopedia-lite/v2/zeus/production/e5b8438b.svg,29400,70000,58,,,,,Fashion,tokopedia,,
"SETELAN ANAK RAN ( unisex ) - MUSTARD-PUTIH, NO1",https://www.tokopedia.com/lvk-outfit/setelan-anak-ran-unisex-1729645596902983161,https://p16-assets-sg.tokopedia-static.net/tos-alisg-i-cqp9s0kcd0-sg/assets-tokopedia-lite/v2/zeus/production/e5b8438b.svg,25500,,,4.8,6590,1,Kota Administrasi Jakarta Barat,Fashion,tokopedia,,
"Setelan Rayon Anak Baju Tidur Anak Piyama Anak Premium Bahan Adem Usia 1-9 Tahun - Putih Dino, M",https://www.tokopedia.com/febrian-kids-fashion/setelan-rayon-anak-baju-tidur-anak-piyama-anak-premium-bahan-adem-usia-1-9-tahun-1729909984237946990,https://p16-assets-sg.tokopedia-static.net/tos-alisg-i-cqp9s0kcd0-sg/assets-tokopedia-lite/v2/zeus/production/e5b8438b.svg,30900,61800,50,4.8,1922,,,Fashion,tokopedia,,
"LITTLEVIN SETELAN ANAK PEREMPUAN FULL MOTIF CREAM SERIES KARAKTER 0-5 TAHUN - DEER FRIEND, S",https://www.tokopedia.com/archive-littlevinbabyshiop-1723078177/littlevin-setelan-anak-perempuan-full-motif-cream-series-karakter-0-5-tahun-1731575913974892381,https://p16-assets-sg.tokopedia-static.net/tos-alisg-i-cqp9s0kcd0-sg/assets-tokopedia-lite/v2/zeus/production/e5b8438b.svg,25900,53000,51,4.8,35000,,Kota Administrasi Jakarta Barat,Fashion,tokopedia,,
"Setelan Baju Anak Perempuan V Usia 1-12 Tahun S M L XL XXL  Celana Panjang | Setelan Abstrak Anak | Setelan Kaos Anak | Setelan Barong Anak - Merah, S 1-2 Tahun",https://www.tokopedia.com/batik-ustman/setelan-baju-anak-perempuan-v-usia-1-12-tahun-s-m-l-xl-xxl-celana-panjang-setelan-abstrak-anak-setelan-kaos-anak-setelan-barong-anak-1729447899788905285,https://p16-assets-sg.tokopedia-static.net/tos-alisg-i-cqp9s0kcd0-sg/assets-tokopedia-lite/v2/zeus/production/e5b8438b.svg,25900,,,,,,,Fashion,tokopedia,,
"Dungdungkids Setelan Anak Rasha Knitt Pita 3 - 12 Tahun - Denim, S (3 - 4 Tahun)",https://www.tokopedia.com/dungdungkids-276/dungdungkids-setelan-anak-rasha-knitt-pita-3-12-tahun-1729968483523659255,https://p16-assets-sg.tokopedia-static.net/tos-alisg-i-cqp9s0kcd0-sg/assets-tokopedia-lite/v2/zeus/production/e5b8438b.svg,50000,250000,80,4.9,311,,,Fashion,tokopedia,,
"Paket Hemat Setelan Anak Perempuan Polos Motif Random 6 Pcs Usia 1-8 Tahun - Fashion - hp 6 pcs, NO, 1 ( USIA 1 thn > BB 6-8 KG ), random",https://www.tokopedia.com/pusat-grosir-baju-jakarta/paket-hemat-setelan-anak-perempuan-polos-motif-random-6-pcs-usia-1-8-tahun-fashion-1730171361865729460,https://p16-assets-sg.tokopedia-static.net/tos-alisg-i-cqp9s0kcd0-sg/assets-tokopedia-lite/v2/zeus/production/e5b8438b.svg,108800,128000,15,4.8,14000,,,Fashion,tokopedia,,
"VAMORA Setelan Anak Perempuan Lengan Panjang Celana Panjang Baju Katun PE Fashion untuk Pakai Harian dan Santai Baju Fashion Cewek - PP_ Mustard kupu kupu, S",https://www.tokopedia.com/ramorakids/setelan-anak-perempuan-lengan-panjang-umur-1-5-tahun-fashion-katun-parsel-baju-celana-1730508197514478925,https://p16-assets-sg.tokopedia-static.net/tos-alisg-i-cqp9s0kcd0-sg/assets-tokopedia-lite/v2/zeus/production/e5b8438b.svg,22900,35000,35,4.8,2178,,Kota Administrasi Jakarta Barat,Fashion,tokopedia,,
"Gamis Sakura Anak Tanpa Hijab Crinkle Airflow Usia 1-10 Tahun Cocok untuk Lebaran Material Crinkle Airflow Desain Sakura Harga Murah Ready Stok Size 2-14 - putiih, size 2 (1-2 thn)",https://www.tokopedia.com/yeninok/gamis-sakura-anak-tanpa-hijab-crinkle-airflow-usia-1-10-tahun-cocok-untuk-lebaran-material-crinkle-airflow-desain-sakura-harga-murah-ready-stok-size-2-14-1734467990899099173,https://p16-assets-sg.tokopedia-static.net/tos-alisg-i-cqp9s0kcd0-sg/assets-tokopedia-lite/v2/zeus/production/e5b8438b.svg,36769,,,,,,,Fashion,tokopedia,,
Hijab Anak Bayi Bergo PITA 1-3 Tahun Jilbab Anak Pita Kerudung Anak Pita Instan Material Jersey Kualitas Bagus - Muslim Variasi - ABU,https://www.tokopedia.com/saungjilbab/hijab-anak-bayi-bergo-pita-1-3-tahun-jilbab-anak-pita-kerudung-anak-pita-instan-material-jersey-kualitas-bagus-muslim-variasi-1731612828994864518,https://p16-assets-sg.tokopedia-static.net/tos-alisg-i-cqp9s0kcd0-sg/assets-tokopedia-lite/v2/zeus/production/e5b8438b.svg,16750,25000,33,4.9,6475,,,Fashion,tokopedia,,
"Oneset Nadhira setelan baju anak perempuan usia 1-5 tahun bahan semiwoll salur premium - maroon, L (2-3 tahun)",https://www.tokopedia.com/rimoms/oneset-nadhira-setelan-baju-anak-perempuan-usia-1-5-tahun-bahan-semiwoll-salur-premium-1734150220086806062,https://p16-assets-sg.tokopedia-static.net/tos-alisg-i-cqp9s0kcd0-sg/assets-tokopedia-lite/v2/zeus/production/e5b8438b.svg,40000,59999,33,4.8,4591,,Kab. Bandung,Fashion,tokopedia,,